location,voltage
100,2.8996016646445266
200,2.7410815834073317
101,1.4729187140091797
102,0.7265518519136878
203,0.7265518519136887
210,1.1558785515347916
213,1.4332886936455744
220,0.7265518519136887
223,2.741081583190095
130,0.7265518519136887
131,1.7503288561199613
132,2.8996016644272906
