location,voltage
1.0,2.843570000875271
2.0,-2.786572038007084
1.01,1.6466106530287856
1.02,0.7948063451062595
2.03,0.794806345106259
2.1,-1.53261472729241
2.13,1.5326147273962523
2.2,-0.6618110984138239
2.23,2.387586298345133
1.3,-0.661811098413823
1.31,-1.1146296663628803
1.32,-3.242555741367939
