location,voltage
100,2.6528707575150676
200,2.838169890107471
101,1.519455654442618
102,0.7659044649759164
203,0.7659044649759172
210,1.8900539196274266
213,1.544162205461049
220,0.5064856793413153
223,2.751696961588784
130,0.5064856793413162
131,1.519455654455709
132,2.7393436860861144
