location,voltage
100,2.7865720380661525
200,2.8435700009294465
101,1.5326147273281725
102,0.6618110984297623
203,0.6618110984297623
210,1.6466106530547595
213,1.114629666390874
220,0.7948063451107803
223,3.242555741213237
130,0.7948063451107794
131,1.5326147273883595
132,2.387586298263835
