location,voltage
100,2.739343685813372
200,2.751696961390362
101,1.5194556542551343
102,0.5064856792744585
203,0.5064856792744576
210,1.5441622054091146
213,1.8900539199126296
220,0.7659044649750699
223,2.8381698904293
130,0.7659044649750708
131,1.5194556544911677
132,2.652870757718567
