location,voltage
1.0,2.7516969614836784
2.0,2.7393436859416402
1.01,1.5441622054335378
1.02,0.7659044649754687
2.03,0.7659044649754687
2.1,1.5194556543494633
2.13,1.5194556544683353
2.2,0.5064856793059018
2.23,2.652870757622863
1.3,0.5064856793059009
1.31,1.8900539197784996
1.32,2.838169890277946
