location,voltage
100,2.8996016643715725
200,2.7410815831415416
101,1.7503288560860542
102,0.7265518519109833
203,0.7265518519109824
210,1.4332886936259923
213,1.1558785515578744
220,0.7265518519109824
223,2.741081583479285
130,0.7265518519109824
131,1.4729187140179372
132,2.899601664709316
