location,voltage
100,3.24255574074873
200,2.3875862980197313
101,1.1146296664749231
102,0.6618110984776191
203,0.66181109847762
210,1.532614727364657
213,1.5326147274355533
220,0.7948063451243526
223,2.786572038243515
130,0.7948063451243526
131,1.6466106531327527
132,2.8435700010921146
