location,voltage
100,2.74108158301114
200,2.8996016642219313
101,1.4332886935734042
102,0.7265518519037135
203,0.7265518519037144
210,1.7503288559949874
213,1.4729187140414526
220,0.7265518519037135
223,2.8996016648833267
130,0.7265518519037144
131,1.1558785516198693
132,2.7410815836725355
