location,voltage
100,2.7410815829754434
200,2.899601664255636
101,1.1558785513962428
102,0.7265518519299325
203,0.7265518519299317
210,1.472918713956627
213,1.7503288563234851
220,0.7265518519299317
223,2.8996016647617164
130,0.7265518519299325
131,1.4332886937631013
132,2.7410815834815234
