location,voltage
100,2.387586297912909
200,3.2425557405454555
101,1.532614727354285
102,0.7948063451302918
203,0.7948063451302918
210,1.114629666511707
213,1.6466106531668832
220,0.6618110984985623
223,2.8435700011632994
130,0.6618110984985623
131,1.5326147274825441
132,2.786572038321129
