location,voltage
100,2.838169890374079
200,2.652870757683649
101,1.8900539198636945
102,0.5064856792859302
203,0.5064856792859294
210,1.5194556544828357
213,1.519455654289549
220,0.7659044649752156
223,2.7393436858601707
130,0.7659044649752165
131,1.5441622054180266
132,2.7516969614244093
