Column1,Column2,Column3,Column4
N32,N33,2.899607305110538,5.640683247617385e-06
